Обменник,Статус,Резервы USD,Резервы исходный
ProstovCash,Работает,1 802 194 788,$1 802 194 788
Xchange,Работает,1 630 246 016,$1 630 246 016
Котлета,Работает,1 246 199 739,$1 246 199 739
StoreBucks,Работает,1 144 333 819,$1 144 333 819
ImExchanger,Работает,1 117 905 727,$1 117 905 727
F-Change,Работает,1 022 487 642,$1 022 487 642
24PayBank,Работает,952 004 449,$952 004 449
Clean-Exchange,Работает,470 530 565,$470 530 565
Receive-Money,Работает,439 911 232,$439 911 232
1WM,Работает,384 643 033,$384 643 033
Альткоин,Работает,382 349 533,$382 349 533
Best-Obmen,Работает,369 180 093,$369 180 093
60сек,Работает,350 695 605,$350 695 605
Nadex,Работает,339 853 762,$339 853 762
El-Change,Работает,310 419 339,$310 419 339
OneMoment,Работает,297 132 502,$297 132 502
Сова,Работает,244 685 885,$244 685 885
YChanger,Работает,241 314 132,$241 314 132
БухтаОбмена,Работает,204 870 947,$204 870 947
Finex24,Работает,188 306 655,$188 306 655
GetBit,Работает,185 759 678,$185 759 678
MultiXchange,Работает,176 297 896,$176 297 896
Метка,Работает,157 772 720,$157 772 720
Platov,Работает,155 860 719,$155 860 719
Crypto-Store,Работает,142 919 515,$142 919 515
NiceObmen,Работает,140 861 434,$140 861 434
ChangeProject,Работает,131 202 132,$131 202 132
ClickPay,Работает,126 330 044,$126 330 044
Крипта,Работает,119 250 865,$119 250 865
X-Pay,Работает,118 908 416,$118 908 416
1-Online,Работает,111 479 083,$111 479 083
NicexChanger,Работает,111 232 809,$111 232 809
AvanChange,Работает,109 350 486,$109 350 486
GramBit,Работает,105 187 939,$105 187 939
NewLine,Работает,86 379 018,$86 379 018
Pocket-Exchange,Работает,83 347 913,$83 347 913
FlashObmen,Работает,81 123 872,$81 123 872
Papa-Change,Работает,77 991 825,$77 991 825
Обменко,Работает,65 114 029,$65 114 029
Top-Exchange,Работает,61 037 896,$61 037 896
FastChange,Работает,60 399 943,$60 399 943
Касса,Работает,58 704 535,$58 704 535
MasterChange,Работает,47 597 402,$47 597 402
I-Obmen,Работает,45 703 887,$45 703 887
CriptHub,Работает,45 010 483,$45 010 483
In-To,Работает,44 009 168,$44 009 168
E-Change,Работает,43 852 767,$43 852 767
BaksMan,Работает,41 351 661,$41 351 661
City-Exchange,Работает,39 249 293,$39 249 293
CoinClick,Работает,38 885 787,$38 885 787
24BestEx,Работает,35 347 674,$35 347 674
EpiChange,Работает,34 948 462,$34 948 462
CoinCat,Работает,33 427 497,$33 427 497
Transfer24,Работает,32 462 218,$32 462 218
Шахта,Работает,31 199 593,$31 199 593
CoinStart,Работает,27 747 687,$27 747 687
WestChange,Работает,27 126 697,$27 126 697
ЗеленаяСвеча,Работает,24 873 797,$24 873 797
Феникс,Работает,20 055 862,$20 055 862
Ukr-Obmen,Работает,19 888 136,$19 888 136
CoinShop24,Работает,18 935 433,$18 935 433
YoChange,Работает,18 595 130,$18 595 130
CryptoBox,Работает,16 875 099,$16 875 099
Daeo,Работает,15 073 493,$15 073 493
JetMonet,Работает,14 389 335,$14 389 335
Ферма,Работает,13 988 472,$13 988 472
7Money,Работает,12 654 781,$12 654 781
Лимончик,Работает,9 316 761,$9 316 761
CoinDrop,Работает,7 812 694,$7 812 694
ExHub,Работает,7 588 814,$7 588 814
Cerber,Работает,5 799 004,$5 799 004
LasloBit,Работает,4 963 868,$4 963 868
365Cash,Работает,3 810 648,$3 810 648
ExLine,Работает,3 704 158,$3 704 158
HotExchange,Работает,3 533 842,$3 533 842
CryptoHome,Работает,1 612 044,$1 612 044
КупиБит,Работает,1 560 019,$1 560 019
Sunduk,Работает,1 393 172,$1 393 172
SafelyChange,Работает,1 201 737,$1 201 737
Рекс,Работает,670 828,$670 828
D-Obmen,Работает,503 036,$503 036
Муха,Работает,471 571,$471 571
BTCSale,Работает,277 595,$277 595
VIPchanger,Работает,178 250,$178 250
NixExchange,Работает,92 778,$92 778
BetaTransfer,Работает,27 198,$27 198
AlfaBit,Отключен,0,—
